"dgp","cv_method","cv_error","test_error","bias"
"AR(1)","kfold",1.00306249149268,1.00263765590046,0.000424835592225095
"ARMA(1,1)","kfold",1.01958531005688,1.01226986273572,0.00731544732115598
"MA(1)","kfold",1.01910376592249,1.01441227320694,0.00469149271555144
"AR(1)","rolling_origin",0.970937707663128,1.00585060317585,-0.0349128955127211
"ARMA(1,1)","rolling_origin",0.967099078665802,1.0352423411958,-0.0681432625299989
"MA(1)","rolling_origin",0.964671556041275,1.02550726192153,-0.0608357058802584
