"term","coefficient"
"lag_1",0.859772080083696
"lag_2",-0.177229414228142
"lag_18",-0.00690409079060023
"lag_19",-0.00512408106904788
"lag_20",-0.0417652303161438
"lag_24",-0.0283605554021796
"lag_30",-0.0913236230247761
