"metric","value"
"MSE",1.2979208323286
"RMSE",1.13926328490327
"MAE",0.922846710658723
