"term","coefficient"
"(Intercept)",0.060612446989183
"lag_1",0.841850845713597
"lag_2",-0.157625214420701
"lag_3",0
"lag_4",0
"lag_5",0
"lag_6",0
"lag_7",0
"lag_8",0
"lag_9",0
"lag_10",0
"lag_11",0
"lag_12",0
"lag_13",0
"lag_14",0
"lag_15",0
"lag_16",0
"lag_17",0
"lag_18",-0.00259254071642542
"lag_19",-0.00788481839846273
"lag_20",-0.0392774131222575
"lag_21",0
"lag_22",0
"lag_23",0
"lag_24",-0.0254151925351383
"lag_25",0
"lag_26",0
"lag_27",0
"lag_28",0
"lag_29",0
"lag_30",-0.0889818836698799
