"metric","value"
"MSE",1.31125032253339
"RMSE",1.14509838989206
"MAE",0.928396514862283
